{
    "name": "root",
    "gauges": {
        "BallanceBall.Policy.Entropy.mean": {
            "value": 1.2095797061920166,
            "min": 1.2095797061920166,
            "max": 1.2648236751556396,
            "count": 10
        },
        "BallanceBall.Policy.Entropy.sum": {
            "value": 60581.796875,
            "min": 60505.234375,
            "max": 63451.14453125,
            "count": 10
        },
        "BallanceBall.Environment.EpisodeLength.mean": {
            "value": 1045.4054054054054,
            "min": 324.408,
            "max": 1045.4054054054054,
            "count": 10
        },
        "BallanceBall.Environment.EpisodeLength.sum": {
            "value": 38680.0,
            "min": 31082.0,
            "max": 57699.0,
            "count": 10
        },
        "BallanceBall.Step.mean": {
            "value": 499978.0,
            "min": 49956.0,
            "max": 499978.0,
            "count": 10
        },
        "BallanceBall.Step.sum": {
            "value": 499978.0,
            "min": 49956.0,
            "max": 499978.0,
            "count": 10
        },
        "BallanceBall.Policy.ExtrinsicValueEstimate.mean": {
            "value": 9.169352531433105,
            "min": 7.733114242553711,
            "max": 9.169352531433105,
            "count": 10
        },
        "BallanceBall.Policy.ExtrinsicValueEstimate.sum": {
            "value": 7344.6513671875,
            "min": 6534.4814453125,
            "max": 7344.6513671875,
            "count": 10
        },
        "BallanceBall.Environment.CumulativeReward.mean": {
            "value": 103.54054956903329,
            "min": 31.440802607536316,
            "max": 103.54054956903329,
            "count": 10
        },
        "BallanceBall.Environment.CumulativeReward.sum": {
            "value": 3831.0003340542316,
            "min": 3066.200266689062,
            "max": 5628.900474965572,
            "count": 10
        },
        "BallanceBall.Policy.ExtrinsicReward.mean": {
            "value": 103.54054956903329,
            "min": 31.440802607536316,
            "max": 103.54054956903329,
            "count": 10
        },
        "BallanceBall.Policy.ExtrinsicReward.sum": {
            "value": 3831.0003340542316,
            "min": 3066.200266689062,
            "max": 5628.900474965572,
            "count": 10
        },
        "BallanceBall.Losses.PolicyLoss.mean": {
            "value": 0.0264022230473347,
            "min": 0.021560435231464604,
            "max": 0.026691246235277504,
            "count": 10
        },
        "BallanceBall.Losses.PolicyLoss.sum": {
            "value": 0.1320111152366735,
            "min": 0.0919894310257708,
            "max": 0.13345623117638752,
            "count": 10
        },
        "BallanceBall.Losses.ValueLoss.mean": {
            "value": 0.41895689393083246,
            "min": 0.41895689393083246,
            "max": 1.1759394774834315,
            "count": 10
        },
        "BallanceBall.Losses.ValueLoss.sum": {
            "value": 2.0947844696541624,
            "min": 2.0947844696541624,
            "max": 5.4420019567012785,
            "count": 10
        },
        "BallanceBall.Policy.LearningRate.mean": {
            "value": 1.6387174537640004e-05,
            "min": 1.6387174537640004e-05,
            "max": 0.0002846043051319,
            "count": 10
        },
        "BallanceBall.Policy.LearningRate.sum": {
            "value": 8.193587268820002e-05,
            "min": 8.193587268820002e-05,
            "max": 0.0012842406719198003,
            "count": 10
        },
        "BallanceBall.Policy.Epsilon.mean": {
            "value": 0.10546236,
            "min": 0.10546236,
            "max": 0.1948681,
            "count": 10
        },
        "BallanceBall.Policy.Epsilon.sum": {
            "value": 0.5273118,
            "min": 0.5000884,
            "max": 0.9280802000000001,
            "count": 10
        },
        "BallanceBall.Policy.Beta.mean": {
            "value": 0.00028257176400000016,
            "min": 0.00028257176400000016,
            "max": 0.00474391819,
            "count": 10
        },
        "BallanceBall.Policy.Beta.sum": {
            "value": 0.0014128588200000008,
            "min": 0.0014128588200000008,
            "max": 0.021411201980000003,
            "count": 10
        },
        "BallanceBall.IsTraining.mean": {
            "value": 1.0,
            "min": 1.0,
            "max": 1.0,
            "count": 10
        },
        "BallanceBall.IsTraining.sum": {
            "value": 1.0,
            "min": 1.0,
            "max": 1.0,
            "count": 10
        }
    },
    "metadata": {
        "timer_format_version": "0.1.0",
        "start_time_seconds": "1622074379",
        "python_version": "3.7.10 (default, Feb 26 2021, 10:16:00) \n[Clang 10.0.0 ]",
        "command_line_arguments": "/Users/paulmospan/opt/anaconda3/envs/mlagents_latest/bin/mlagents-learn --initialize-from=BallanceBall4 --run-id=BallanceBall5",
        "mlagents_version": "0.26.0",
        "mlagents_envs_version": "0.26.0",
        "communication_protocol_version": "1.5.0",
        "pytorch_version": "1.7.0",
        "numpy_version": "1.20.3",
        "end_time_seconds": "1622074935"
    },
    "total": 556.2771107899999,
    "count": 1,
    "self": 0.007786924999891198,
    "children": {
        "run_training.setup": {
            "total": 0.05667368100000003,
            "count": 1,
            "self": 0.05667368100000003
        },
        "TrainerController.start_learning": {
            "total": 556.212650184,
            "count": 1,
            "self": 1.1262425670063294,
            "children": {
                "TrainerController._reset_env": {
                    "total": 5.70404267,
                    "count": 1,
                    "self": 5.70404267
                },
                "TrainerController.advance": {
                    "total": 549.3493286829937,
                    "count": 56255,
                    "self": 1.144798731001515,
                    "children": {
                        "env_step": {
                            "total": 433.7796562029968,
                            "count": 56255,
                            "self": 396.8269635499921,
                            "children": {
                                "SubprocessEnvManager._take_step": {
                                    "total": 36.284504144009574,
                                    "count": 56255,
                                    "self": 3.0595410670113665,
                                    "children": {
                                        "TorchPolicy.evaluate": {
                                            "total": 33.22496307699821,
                                            "count": 55592,
                                            "self": 6.971529038000945,
                                            "children": {
                                                "TorchPolicy.sample_actions": {
                                                    "total": 26.253434038997263,
                                                    "count": 55592,
                                                    "self": 26.253434038997263
                                                }
                                            }
                                        }
                                    }
                                },
                                "workers": {
                                    "total": 0.6681885089951329,
                                    "count": 56255,
                                    "self": 0.0,
                                    "children": {
                                        "worker_root": {
                                            "total": 554.6225638000095,
                                            "count": 56255,
                                            "is_parallel": true,